<?xml version="1.0" encoding="UTF-8"?>

<project xmlns="http://maven.apache.org/DECORATION/1.3.0"
  xmlns:xsi="http://www.w3.org/2001/XMLSchema-instance"
  xsi:schemaLocation="http://maven.apache.org/DECORATION/1.3.0 http://maven.apache.org/xsd/decoration-1.3.0.xsd">
  <bannerLeft>
    <name>Modello</name>
  </bannerLeft>

  <body>

    <menu ref="parent" />

    <menu name="Overview">
      <item name="Introduction" href="index.html"/>
      <item name="Goals" href="plugin-info.html"/>
      <item name="Usage" href="usage.html"/>
      <item name="FAQ" href="faq.html"/>
    </menu>

    <menu name="Examples">
      <item name="Multi Model Configuration" href="examples/multi-model.html" />
      <item name="Features demo" href="features/index.html" />
    </menu>

  </body>
</project>
