<?xml version="1.0" encoding="UTF-8"?>

<project xmlns="http://maven.apache.org/DECORATION/1.1.0" xmlns:xsi="http://www.w3.org/2001/XMLSchema-instance"
  xsi:schemaLocation="http://maven.apache.org/DECORATION/1.1.0 http://maven.apache.org/xsd/decoration-1.1.0.xsd">
  <bannerLeft>
    <name>Modello</name>
    <href>http://modello.codehaus.org/</href>
  </bannerLeft>
  <bannerRight>
    <name>Codehaus</name>
    <src>http://media.codehaus.org/codehaus-small.png</src>
    <href>http://codehaus.org/</href>
  </bannerRight>

  <skin>
    <groupId>org.apache.maven.skins</groupId>
    <artifactId>maven-fluido-skin</artifactId>
    <version>1.2.1</version>
  </skin>

  <publishDate format="yyyy-MM-dd" position="right" />
  <version position="right" />

  <body>
    <links>
      <item name="Codehaus" href="http://codehaus.org/" />
      <item name="Modello" href="http://xircles.codehaus.org/projects/modello"/>
      <item name="Maven 2" href="http://maven.apache.org/"/>
    </links>

    <!-- Breadcrumbs that every project will inherit -->
    <breadcrumbs>
      <item name="Modello" href="http://modello.codehaus.org/index.html" />
    </breadcrumbs>

    <menu name="Documentation" inherit="bottom">
      <item name="Wiki" href="http://modello.codehaus.org/" />
      <item name="Modello Model" href="modello.html" />
      <item name="Location Tracking" href="location-tracking.html" />
      <item name="Maven Plugin" href="modello-maven-plugin/" />
      <item name="Release Notes" href="release-notes.html"/>
    </menu>

    <menu ref="modules" />

    <!-- Menus that every project will inherit -->
    <menu ref="reports" inherit="bottom" />

  </body>
</project>
